{"sections":{"image-with-text-overlay-1":{"type":"image-with-text-overlay","settings":{"image":"","pretext":"<p>Introducing the<\/p>","title":"Turbo Shopify Theme","subtitle":"<p>From Out of the Sandbox<\/p>","button1":"","button1_link":"","button2":"","button2_link":"","text_position":"center","text_align":"center"}},"featured-text-1":{"type":"featured-text","settings":{"image":"","title":"Talk about your brand","content":"<p>Use this text to share information about your brand with your customers.<\/p>\r\n<p>Describe a product, share announcements, or welcome customers to your store.<\/p>","button_label":"","button_link":"","text_size":"featured_text","text_alignment":"center"}},"featured-promotions-1":{"type":"featured-promotions","blocks":{"block-1":{"type":"image","settings":{"image":"","link":"","title":"Feature","text":"<p>Promotion description details.<\/p>","button_label":""}},"block-2":{"type":"image","settings":{"image":"","link":"","title":"Feature","text":"<p>Promotion description details.<\/p>","button_label":""}},"block-3":{"type":"image","settings":{"image":"","link":"","title":"Feature","text":"<p>Promotion description details.<\/p>","button_label":""}},"block-4":{"type":"image","settings":{"image":"","link":"","title":"Feature","text":"<p>Promotion description details.<\/p>","button_label":""}}},"block_order":["block-1","block-2","block-3","block-4"],"settings":{"promo_text_on_image_enabled":true,"featured_promos_per_row":4,"featured_links_animation":"fadeInDown","feature_style":"square"}},"featured-collection-1":{"type":"featured-collection","settings":{"title":"Featured collection","collection":"","collection_style":"slider","products_per":4,"products_limit":24}},"slideshow-1":{"type":"slideshow","blocks":{"block-1":{"type":"image","settings":{"image":"","pretext":"","title":"Turbo Shopify Theme","subtitle":"","button1":"Primary Button","button1_link":"","button2":"Secondary Button","button2_link":"","text_position":"center","text_align":"center"}},"block-2":{"type":"image","settings":{"image":"","pretext":"<p>Short text that precedes the headline<\/p>","title":"Your headline here","subtitle":"<p>This is a short subheading for your slideshow image<\/p>","button1":"","button1_link":"","button2":"","button2_link":"","text_position":"center","text_align":"center"}}},"block_order":["block-1","block-2"],"settings":{"slideshow_text_animation":"fadeInDown","slideshow_animation":"slide"}},"shoppable-image-1":{"type":"shoppable-image","blocks":{"block-1":{"type":"shoppable-image","settings":{}}},"block_order":["block-1"],"settings":{}},"image-text-1":{"type":"image-text","blocks":{"block-1":{"type":"image","settings":{"image":"","title":"Your headline","text":"<p>Promotion description appears here.<\/p>","button_label":"View all","link":"","bg_color":"rgba(0,0,0,0)","text_color":"rgba(0,0,0,0)"}},"block-2":{"type":"image","settings":{"image":"","title":"Your headline","text":"<p>Promotion description appears here.<\/p>","button_label":"View all","link":"","bg_color":"rgba(0,0,0,0)","text_color":"rgba(0,0,0,0)"}}},"block_order":["block-1","block-2"],"settings":{"featured_links_per_row":"1","frontpage_text_align":"left"}},"image-with-text-overlay-2":{"type":"image-with-text-overlay","settings":{"image":"","pretext":"","title":"Your Headline","subtitle":"","button1":"","button1_link":"","button2":"","button2_link":"","text_position":"center","text_align":"center"}},"collection-list-1":{"type":"collection-list","blocks":{"block-1":{"type":"collection","settings":{"feature_collection":"","image":""}},"block-2":{"type":"collection","settings":{"feature_collection":"","image":""}},"block-3":{"type":"collection","settings":{"feature_collection":"","image":""}},"block-4":{"type":"collection","settings":{"feature_collection":"","image":""}},"block-5":{"type":"collection","settings":{"feature_collection":"","image":""}},"block-6":{"type":"collection","settings":{"feature_collection":"","image":""}}},"block_order":["block-1","block-2","block-3","block-4","block-5","block-6"],"settings":{"title":"Collection list","frontpage_collections_per_row":3}},"testimonials-1":{"type":"testimonial","blocks":{"block-1":{"type":"image","settings":{"title":"Customer Testimonial","testimonial":"<p>Include some of your favorite customer quotes and feedback here as social proof, to build credibility and trust for your services and products.<\/p>","name":"","store_name":"","link":"","text_position":"center","text_align":"center","image":""}},"block-2":{"type":"image","settings":{"title":"Customer Testimonial","testimonial":"<p>Include some of your favorite customer quotes and feedback here as social proof, to build credibility and trust for your services and products.<\/p>","name":"","store_name":"","link":"","text_position":"center","text_align":"center","image":""}},"block-3":{"type":"image","settings":{"title":"Customer Testimonial","testimonial":"<p>Include some of your favorite customer quotes and feedback here as social proof, to build credibility and trust for your services and products.<\/p>","name":"","store_name":"","link":"","text_position":"center","text_align":"center","image":""}}},"block_order":["block-1","block-2","block-3"],"settings":{"testimonial_text_animation":"fadeInDown"}},"featured-product-1":{"type":"featured-product","blocks":{"title":{"type":"title","settings":{}},"price":{"type":"price","settings":{}},"description":{"type":"description","settings":{}},"form":{"type":"form","settings":{}}},"block_order":["title","price","description","form"],"settings":{"media_position":"is-flex-row","gallery_arrows":true,"activate_zoom":false,"slideshow_animation":"slide"}},"featured-product-2":{"type":"featured-product","blocks":{"title":{"type":"title","settings":{}},"price":{"type":"price","settings":{}},"description":{"type":"description","settings":{}},"form":{"type":"form","settings":{}}},"block_order":["title","price","description","form"],"settings":{"media_position":"is-flex-row-reverse","gallery_arrows":true,"activate_zoom":false,"slideshow_animation":"slide"}},"newsletter-1":{"type":"newsletter","settings":{"display_first_name":false,"display_last_name":false,"newsletter_title":"Subscribe","newsletter_text":"<p>Sign up to get the latest on sales, new releases and more &hellip;<\/p>","newsletter_section_text_align":"center","image":""}},"blog-posts-1":{"type":"blog-posts","settings":{"title":"Blog posts","blog_widget_select":"","home_page_articles":3,"blog_tags":false,"blog_author":false,"blog_date":true,"blog_comment_count":true,"read_more_link":true}}},"order":["image-with-text-overlay-1","featured-text-1","featured-promotions-1","featured-collection-1","slideshow-1","image-text-1","shoppable-image-1","image-with-text-overlay-2","collection-list-1","testimonials-1","featured-product-1","featured-product-2","newsletter-1","blog-posts-1"]}