{"current":{"performance":"ludicrous","image_loading_style":"blur-up","logo_color":"#ffffff","regular_color":"#333333","headline_color":"#333333","headline_footer_text_color":"#7f8c8d","sub_footer_text_color":"#6b6b6b","sale_color":"#d54d4d","was_price_color":"#8c8b8b","promo_text_color":"#333333","shop_home_page_content_text_color":"#363636","newsletter_popup_color":"#363636","newsletter_section_color":"#000000","top_bar_color":"#f4f4f4","top_bar_color_hover":"#03a196","nav_color":"#d9d9d9","nav_color_home":"#d9d9d9","nav_color_hover":"#ffffff","link_color":"#03a196","link_hover_color":"#03857c","sidebar_nav_color":"#363636","sidebar_nav_color_hover":"#03a196","sub_footer_link_color":"#7f8c8d","sub_footer_link_color_hover":"#ffffff","btn_color":"#03a196","btn_hover_color":"#04736b","btn_text_color":"#ffffff","button_style":"square","read_more_style":"button","banner_button_color":"#ffffff","banner_color":"#ffffff","banner_background_color":"#1e1e1e","table_styles_enabled":true,"slideshow_arrow_size":"light","arrow_color":"#333333","border_color":"#cccccc","headline_border_color":"#aaaaaa","headline_border":"1","divider_style":"solid","sub_footer_border_color":"#1b1f23","sale_banner_color":"#d54d4d","new_banner_color":"#03a196","sticker_style":"square","search_section_color":"#000000","search_section_bg_color":"#cccccc","testimonial_color":"#ffffff","testimonial_bg_color":"#666666","modal_background_color":"#ffffff","shop_bg_color":"#ffffff","repeat_bg":"repeat","bg_fixed":false,"bg_stretched":false,"top_bar_bg_color":"#1b1f23","top_bar_cart_bg_color":"#d54d4d","minicart_bg_color":"#ffffff","header_bg_color":"#1b1f23","header_background":false,"transparent_header":true,"promo_bg_color":"#f2f2f2","shop_home_page_content_bg_color":"#f6f7f9","featured_links_background":"#ffffff","sub_footer_color":"#1b1f23","footer_bg":"","footer_bg_stretched":false,"newsletter_popup_background_color":"#ffffff","newsletter_section_background_color":"#cccccc","password_page_text_color":"#333333","password_page_background_color":"#FFFFFF","logo__font":"oswald_n4","logo_font_style":"uppercase","logo_font_size":20,"top_bar_font_size":12,"top_bar_letter_spacing":1,"nav__font":"oswald_n4","nav_font_style":"uppercase","nav_font_size":14,"nav_letter_spacing":1,"nav_shadow":false,"button_weight":"normal","button_font_style":"uppercase","button_font_size":14,"headline__font":"oswald_n3","headline_font_style":"uppercase","headline_font_size":30,"headline_letter_spacing":2,"slideshow_headline__font":"oswald_n3","slideshow_headline_font_style":"uppercase","slideshow_headline_size":56,"slideshow_subtitle__font":"roboto_n3","slideshow_subtitle_font_style":"uppercase","slideshow_subtitle_size":18,"slideshow_subtitle_letter_spacing":1,"slideshow_shadow":false,"regular__font":"roboto_n4","regular_font_style":"none","regular_font_size":15,"footer_font_size":13,"search_option":"product","product_form_style":"radio","display_product_quantity":true,"display_inventory_left":false,"notify_me_form":true,"display_vendor":false,"collection_swatches":false,"sale_banner_enabled":true,"thumbnail_hover_enabled":true,"mobile_products_per_row":"2","free_price_text":"Free","pagination_type":"load_more","collection_secondary_image":false,"align_height":false,"collection_height":200,"quick_shop_enabled":true,"cart_action":"ajax","display_tos_checkbox":false,"tos_page":"","go_to_checkout":true,"display_special_instructions":false,"cart_message":"","show_shipping_calculator":false,"shipping_calculator_default_country":"United States","currency_format":"money_format","supported_currencies":"USD CAD AUD GBP EUR JPY","default_currency":"USD","mailchimp_link":"","newsletter_popup":false,"newsletter_popup_form":true,"display_first_name":false,"display_last_name":false,"use_newsletter_border":false,"newsletter_bg":"","newsletter_popup_image_align":"left","newsletter_popup_title":"Sign up today","newsletter_popup_text":"<p><\/p>","newsletter_popup_text_align":"center","newsletter_popup_seconds":0,"newsletter_popup_days":"14","behance_link":"","clubhouse_link":"","discord_link":"","email_link":"","facebook_link":"","flickr_link":"","houzz_link":"","instagram_link":"","kickstarter_link":"","linkedin_link":"","medium_link":"","messenger_link":"","opensea_link":"","pinterest_link":"","reddit_link":"","rss_link":"","snapchat_link":"","spotify_link":"","tumblr_link":"","twitch_link":"","twitter_link":"","vimeo_link":"","whatsapp_link":"","youtube_link":"","disqus_enabled":false,"disqus_shortname":"","enable_shopify_review_comments":false,"enable_shopify_collection_badges":false,"tikok_link":"","dribble_link":"","sections":{"header":{"type":"header","settings":{"promo_text":"","social_icons_header":true,"phone_number":"","top_bar_menu":"","show_cart":true,"cart_icon":"cart","logo":"","logo_home":"","logo_mobile":"","main_linklist":"main-menu","main_linklist2":"footer","search_enabled":true,"fixed_header":true,"logo_position":"center","logo_alignment":"center","menu_position":"inline","menu_alignment":"align_left"}},"footer":{"type":"footer","blocks":{"footer-0":{"type":"logo","settings":{"image":"","text_align":"left","social_icons_footer":false}},"footer-1":{"type":"link_list","settings":{"menu":"footer","social_icons_footer":false}},"footer-2":{"type":"link_list","settings":{"menu":"","social_icons_footer":false}},"footer-3":{"type":"text","settings":{"title":"Title","content":"<p>Use this text to share information about your brand with your customers.<\/p>","social_icons_footer":true}}},"block_order":["footer-0","footer-1","footer-2","footer-3"],"settings":{"copyright_text":"","display_designed_by":true,"display_payment_methods":true}}}}}